"","Sample_no","Phase","Phase.batch","Univ.ID","Band","Yr","Mon","Ban_Yr_Mo","Trtmt","Additive","Temp","Duration","SampleTime","DecTime","Sex","Age.all.bat.","Est.Age","Cave","Site","Group","FA","WT","TTH","STATUS","REP","LN.N.L..","X"
"Phase1.S1","S1",1,"Phase1","Phase1.S1",4737,2023,1,"4737_2023_1","TL","LPS0.1","22C",3,"1:20 pm",13.33,"M",3.6,3.6,"Tamana","Tunnel","T5",85.32,84,1.5,"B","AT",1.64939329,""
"Phase1.S10","S10",1,"Phase1","Phase1.S10",6084,2023,1,"6084_2023_1","CL","PBS","22C",3,"1:30 pm",13.5,"F",5.09,5.09,"Caura","Lower Cave","C2",83.3,75,1,"","NP",0.80727742,""
"Phase1.S11","S11",1,"Phase1","Phase1.S11",6085,2023,1,"6085_2023_1","TL","LPS0.1","22C",3,"1:30 pm",13.5,"F",4.91,4.91,"Caura","Lower Cave","C2",79.29,70.5,1.5,"","NP",0.61856862,""
"Phase1.S12","S12",1,"Phase1","Phase1.S12",6085,2023,1,"6085_2023_1","CL","PBS","22C",3,"1:30 pm",13.5,"F",4.91,4.91,"Caura","Lower Cave","C2",79.29,70.5,1.5,"","NP",0.61856862,""
"Phase1.S13","S13",1,"Phase1","Phase1.S13",6087,2023,1,"6087_2023_1","TL","LPS0.1","22C",3,"1:30 pm",13.5,"M",3.41,3.41,"Caura","Upper Cave","BM",85.14,85,1.5,"B","ST",2.030706686,""
"Phase1.S14","S14",1,"Phase1","Phase1.S14",6087,2023,1,"6087_2023_1","CL","PBS","22C",3,"1:30 pm",13.5,"M",3.41,3.41,"Caura","Upper Cave","BM",85.14,85,1.5,"B","ST",2.030706686,""
"Phase1.S15","S15",1,"Phase1","Phase1.S15",6051,2023,1,"6051_2023_1","TL","LPS0.1","22C",3,"11:45 am",11.75,"M",1.25,1.25,"Caura","Lower","C4",85.3,82.2,1,"","AT",-0.648098078,""
"Phase1.S16","S16",1,"Phase1","Phase1.S16",6051,2023,1,"6051_2023_1","CL","PBS","22C",3,"11:45 am",11.75,"M",1.25,1.25,"Caura","Lower","C4",85.3,82.2,1,"","AT",-0.648098078,""
"Phase1.S2","S2",1,"Phase1","Phase1.S2",4737,2023,1,"4737_2023_1","CL","PBS","22C",3,"1:20 pm",13.33,"M",3.6,3.6,"Tamana","Tunnel","T5",85.32,84,1.5,"B","AT",1.64939329,""
"Phase1.S3","S3",1,"Phase1","Phase1.S3",4744,2023,1,"4744_2023_1","TL","LPS0.1","22C",3,"1:20 pm",13.33,"M",4.13,4.13,"Tamana","Tunnel","T5",84.77,89.5,1.5,"B","AT",0.366549692,""
"Phase1.S4","S4",1,"Phase1","Phase1.S4",4744,2023,1,"4744_2023_1","CL","PBS","22C",3,"1:20 pm",13.33,"M",4.13,4.13,"Tamana","Tunnel","T5",84.77,89.5,1.5,"B","AT",0.366549692,""
"Phase1.S5","S5",1,"Phase1","Phase1.S5",4775,2023,1,"4775_2023_1","TL","LPS0.1","22C",3,"12:00 pm",12,"F",3.74,3.74,"Tamana","Tunnel","T1",83.5,71.8,1.5,"","NP",1.221624315,""
"Phase1.S6","S6",1,"Phase1","Phase1.S6",4775,2023,1,"4775_2023_1","CL","PBS","22C",3,"12:00 pm",12,"F",3.74,3.74,"Tamana","Tunnel","T1",83.5,71.8,1.5,"","NP",1.221624315,""
"Phase1.S7","S7",1,"Phase1","Phase1.S7",4776,2023,1,"4776_2023_1","TL","LPS0.1","22C",3,"12:00 pm",12,"F",7.02,7.02,"Tamana","Tunnel","T1",80.34,69.4,1.5,"","NP",0.068705474,""
"Phase1.S8","S8",1,"Phase1","Phase1.S8",4776,2023,1,"4776_2023_1","CL","PBS","22C",3,"12:00 pm",12,"F",7.02,7.02,"Tamana","Tunnel","T1",80.34,69.4,1.5,"","NP",0.068705474,""
"Phase1.S9","S9",1,"Phase1","Phase1.S9",6084,2023,1,"6084_2023_1","TL","LPS0.1","22C",3,"1:30 pm",13.5,"F",5.09,5.09,"Caura","Lower Cave","C2",83.3,75,1,"","NP",0.80727742,""
"Phase2.S1","S1",2,"Phase2","Phase2.S1",4068,2023,1,"4068_2023_1","TL","LPS0.1","22C",3,"11:45 am",11.75,"F",15.94,15.94,"Caura","Lower","C4",81.74,67.5,4,"","NP",0.424057941,""
"Phase2.S10","S10",2,"Phase2","Phase2.S10",4762,2023,1,"4762_2023_1","CL","PBS","22C",3,"12:00 pm",12,"M",5.51,5.51,"Tamana","Tunnel","T1",82.89,92,2,"H","ST",-0.042559614,""
"Phase2.S11","S11",2,"Phase2","Phase2.S11",4765,2023,1,"4765_2023_1","TL","LPS0.1","22C",3,"12:00 pm",12,"F",1.48,1.48,"Tamana","Tunnel","T1",83.98,64,1.5,"","NP",0.736878845,""
"Phase2.S12","S12",2,"Phase2","Phase2.S12",4765,2023,1,"4765_2023_1","CL","PBS","22C",3,"12:00 pm",12,"F",1.48,1.48,"Tamana","Tunnel","T1",83.98,64,1.5,"","NP",0.736878845,""
"Phase2.S13","S13",2,"Phase2","Phase2.S13",4777,2023,1,"4777_2023_1","TL","LPS0.1","22C",3,"12:00 pm",12,"F",1.11,1.11,"Tamana","Tunnel","T1",83.07,65.8,1.5,"","NP",0.290136061,""
"Phase2.S14","S14",2,"Phase2","Phase2.S14",4777,2023,1,"4777_2023_1","CL","PBS","22C",3,"12:00 pm",12,"F",1.11,1.11,"Tamana","Tunnel","T1",83.07,65.8,1.5,"","NP",0.290136061,""
"Phase2.S15","S15",2,"Phase2","Phase2.S15",4949,2023,1,"4949_2023_1","TL","LPS0.1","22C",3,"11:30 am",11.5,"F",12.2,12.2,"Tamana","Rd Chamber","R14",82.06,74,3.5,"","NP",0.173895616,""
"Phase2.S16","S16",2,"Phase2","Phase2.S16",4949,2023,1,"4949_2023_1","CL","PBS","22C",3,"11:30 am",11.5,"F",12.2,12.2,"Tamana","Rd Chamber","R14",82.06,74,3.5,"","NP",0.173895616,""
"Phase2.S17","S17",2,"Phase2","Phase2.S17",4967,2023,1,"4967_2023_1","TL","LPS0.1","22C",3,"11:45 am",11.75,"F",20.27,11,"Caura","Lower","C4",84,80.5,4,"","NP",1.352568726,""
"Phase2.S18","S18",2,"Phase2","Phase2.S18",4967,2023,1,"4967_2023_1","CL","PBS","22C",3,"11:45 am",11.75,"F",20.27,11,"Caura","Lower","C4",84,80.5,4,"","NP",1.352568726,""
"Phase2.S19","S19",2,"Phase2","Phase2.S19",6001,2023,1,"6001_2023_1","TL","LPS0.1","22C",3,"11:50 am",11.83,"M",5.71,5.71,"Tamana","Rd Chamber","R12",82.84,91,3,"H","ST",0.940709259,""
"Phase2.S2","S2",2,"Phase2","Phase2.S2",4068,2023,1,"4068_2023_1","CL","PBS","22C",3,"11:45 am",11.75,"F",15.94,15.94,"Caura","Lower","C4",81.74,67.5,4,"","NP",0.424057941,""
"Phase2.S20","S20",2,"Phase2","Phase2.S20",6001,2023,1,"6001_2023_1","CL","PBS","22C",3,"11:50 am",11.83,"M",5.71,5.71,"Tamana","Rd Chamber","R12",82.84,91,3,"H","ST",0.940709259,""
"Phase2.S21","S21",2,"Phase2","Phase2.S21",6036,2023,1,"6036_2023_1","TL","LPS0.1","22C",3,"12:10 pm",12.17,"M",5,5,"Tamana","Rd Chamber","R7",84.78,89,2,"H","ST",1.49466999,""
"Phase2.S22","S22",2,"Phase2","Phase2.S22",6036,2023,1,"6036_2023_1","CL","PBS","22C",3,"12:10 pm",12.17,"M",5,5,"Tamana","Rd Chamber","R7",84.78,89,2,"H","ST",1.49466999,""
"Phase2.S23","S23",2,"Phase2","Phase2.S23",6037,2023,1,"6037_2023_1","TL","LPS0.1","22C",3,"10:50 am",10.83,"M",7.36,7.36,"Tamana","Rd Chamber","R9",86.54,91,3,"H","ST",0.720026269,""
"Phase2.S24","S24",2,"Phase2","Phase2.S24",6037,2023,1,"6037_2023_1","CL","PBS","22C",3,"10:50 am",10.83,"M",7.36,7.36,"Tamana","Rd Chamber","R9",86.54,91,3,"H","ST",0.720026269,""
"Phase2.S25","S25",2,"Phase2","Phase2.S25",6053,2023,1,"6053_2023_1","TL","LPS0.1","22C",3,"11:30 am",11.5,"M",6.52,6.52,"Tamana","Rd Chamber","R14",85.73,95.1,2.5,"H","ST",NA,""
"Phase2.S26","S26",2,"Phase2","Phase2.S26",6053,2023,1,"6053_2023_1","CL","PBS","22C",3,"11:30 am",11.5,"M",6.52,6.52,"Tamana","Rd Chamber","R14",85.73,95.1,2.5,"H","ST",NA,""
"Phase2.S27","S27",2,"Phase2","Phase2.S27",6089,2023,1,"6089_2023_1","TL","LPS0.1","22C",3,"1:30 pm",13.5,"M",2.82,2.82,"Caura","Upper Cave","BM",82.67,85.5,2.5,"B","ST",1.19911521,""
"Phase2.S28","S28",2,"Phase2","Phase2.S28",6089,2023,1,"6089_2023_1","CL","PBS","22C",3,"1:30 pm",13.5,"M",2.82,2.82,"Caura","Upper Cave","BM",82.67,85.5,2.5,"B","ST",1.19911521,""
"Phase2.S29","S29",2,"Phase2","Phase2.S29",6090,2023,1,"6090_2023_1","TL","LPS0.1","22C",3,"1:30 pm",13.5,"M",2.04,2.04,"Caura","Upper Cave","BM",81.75,75,3,"B","AT",0.832757619,""
"Phase2.S3","S3",2,"Phase2","Phase2.S3",4593,2023,1,"4593_2023_1","TL","LPS0.1","22C",3,"11:45 am",11.75,"F",10.3,10.3,"Caura","Lower","C4",82.35,78.5,4,"","NP",1.217959046,""
"Phase2.S30","S30",2,"Phase2","Phase2.S30",6090,2023,1,"6090_2023_1","CL","PBS","22C",3,"1:30 pm",13.5,"M",2.04,2.04,"Caura","Upper Cave","BM",81.75,75,3,"B","AT",0.832757619,""
"Phase2.S31","S31",2,"Phase2","Phase2.S31",6199,2023,1,"6199_2023_1","TL","LPS0.1","22C",3,"1:30 pm",13.5,"M",7.61,7.61,"Tamana","Rd Chamber","R10",82.86,93,3.5,"H","ST",2.49219981,""
"Phase2.S32","S32",2,"Phase2","Phase2.S32",6199,2023,1,"6199_2023_1","CL","PBS","22C",3,"1:30 pm",13.5,"M",7.61,7.61,"Tamana","Rd Chamber","R10",82.86,93,3.5,"H","ST",2.49219981,""
"Phase2.S4","S4",2,"Phase2","Phase2.S4",4593,2023,1,"4593_2023_1","CL","PBS","22C",3,"11:45 am",11.75,"F",10.3,10.3,"Caura","Lower","C4",82.35,78.5,4,"","NP",1.217959046,""
"Phase2.S5","S5",2,"Phase2","Phase2.S5",4610,2023,1,"4610_2023_1","TL","LPS0.1","22C",3,"10:50 am",10.83,"F",11.98,11.98,"Tamana","Rd Chamber","R9",83.31,72,4,"","NP",0.781295567,""
"Phase2.S6","S6",2,"Phase2","Phase2.S6",4610,2023,1,"4610_2023_1","CL","PBS","22C",3,"10:50 am",10.83,"F",11.98,11.98,"Tamana","Rd Chamber","R9",83.31,72,4,"","NP",0.781295567,""
"Phase2.S7","S7",2,"Phase2","Phase2.S7",4672,2023,1,"4672_2023_1","TL","LPS0.1","22C",3,"10:50 am",10.83,"F",9.34,9.34,"Tamana","Rd Chamber","L13",82.1,76.8,4,"","NP",-0.397601372,""
"Phase2.S8","S8",2,"Phase2","Phase2.S8",4672,2023,1,"4672_2023_1","CL","PBS","22C",3,"10:50 am",10.83,"F",9.34,9.34,"Tamana","Rd Chamber","L13",82.1,76.8,4,"","NP",-0.397601372,""
"Phase2.S9","S9",2,"Phase2","Phase2.S9",4762,2023,1,"4762_2023_1","TL","LPS0.1","22C",3,"12:00 pm",12,"M",5.51,5.51,"Tamana","Tunnel","T1",82.89,92,2,"H","ST",-0.042559614,""
"Phase3.S1","S1",3,"Phase3","Phase3.S1",3863,2023,5,"3863_2023_5","C","PBS","38C",3,"1:10 pm",13.17,"F",13.79,12.11,"Tamana","Rd Chamber","R14",82.11,80,5,"","EL",-0.412572459,""
"Phase3.S10","S10",3,"Phase3","Phase3.S10",4732,2023,5,"4732_2023_5","TH","LPS_1","38C",3,"1:44 pm",13.73,"M",3.16,3.16,"Tamana","Lg Chamber","L12",85.6,95,1.5,"B","AT",0.221737411,""
"Phase3.S11","S11",3,"Phase3","Phase3.S11",4778,2023,5,"4778_2023_5","C","PBS","38C",3,"12:53 pm",12.88,"F",1.35,1.1,"Tamana","Lg Chamber","L2",84.97,76,1,"","NL",-0.189242,""
"Phase3.S12","S12",3,"Phase3","Phase3.S12",4778,2023,5,"4778_2023_5","TH","LPS_1","38C",3,"12:53 pm",12.88,"F",1.35,1.1,"Tamana","Lg Chamber","L2",84.97,76,1,"","NL",-0.189242,""
"Phase3.S13","S13",3,"Phase3","Phase3.S13",4948,2023,5,"4948_2023_5","C","PBS","38C",3,"2:06 pm",14.1,"F",14.01,14.01,"Tamana","Rd Chamber","R14",78.95,77,4.5,"","EL",1.58224217,""
"Phase3.S14","S14",3,"Phase3","Phase3.S14",4948,2023,5,"4948_2023_5","TH","LPS_1","38C",3,"2:06 pm",14.1,"F",14.01,14.01,"Tamana","Rd Chamber","R14",78.95,77,4.5,"","EL",1.58224217,""
"Phase3.S15","S15",3,"Phase3","Phase3.S15",4949,2023,5,"4949_2023_5","C","PBS","38C",3,"3:12 pm",15.2,"F",12.53,12.53,"Tamana","Rd Chamber","R14",82.1,81.5,3.5,"","EL",-0.231074547,""
"Phase3.S16","S16",3,"Phase3","Phase3.S16",4949,2023,5,"4949_2023_5","TH","LPS_1","38C",3,"3:12 pm",15.2,"F",12.53,12.53,"Tamana","Rd Chamber","R14",82.1,81.5,3.5,"","EL",-0.231074547,""
"Phase3.S17","S17",3,"Phase3","Phase3.S17",6001,2023,5,"6001_2023_5","C","PBS","38C",3,"2:03 pm",14.05,"M",6.04,6.04,"Tamana","Lg Chamber","R12",83.25,91,2.5,"H","ST",0.445523869,""
"Phase3.S18","S18",3,"Phase3","Phase3.S18",6001,2023,5,"6001_2023_5","TH","LPS_1","38C",3,"2:03 pm",14.05,"M",6.04,6.04,"Tamana","Lg Chamber","R12",83.25,91,2.5,"H","ST",0.445523869,""
"Phase3.S19","S19",3,"Phase3","Phase3.S19",6037,2023,5,"6037_2023_5","C","PBS","38C",3,"1:27 pm",13.45,"M",7.69,7.69,"Tamana","Rd Chamber","R9",86.37,91,3.5,"H","ST",1.974572547,""
"Phase3.S2","S2",3,"Phase3","Phase3.S2",3863,2023,5,"3863_2023_5","TH","LPS_1","38C",3,"1:10 pm",13.17,"F",13.79,12.11,"Tamana","Rd Chamber","R14",82.11,80,5,"","EL",-0.412572459,""
"Phase3.S20","S20",3,"Phase3","Phase3.S20",6037,2023,5,"6037_2023_5","TH","LPS_1","38C",3,"1:27 pm",13.45,"M",7.69,7.69,"Tamana","Rd Chamber","R9",86.37,91,3.5,"H","ST",1.974572547,""
"Phase3.S21","S21",3,"Phase3","Phase3.S21",6053,2023,5,"6053_2023_5","C","PBS","38C",3,"2:51 pm",14.85,"M",6.85,6.85,"Tamana","Rd Chamber","R14",85.64,95.5,2,"H","ST",0.897805917,""
"Phase3.S22","S22",3,"Phase3","Phase3.S22",6053,2023,5,"6053_2023_5","TH","LPS_1","38C",3,"2:51 pm",14.85,"M",6.85,6.85,"Tamana","Rd Chamber","R14",85.64,95.5,2,"H","ST",0.897805917,""
"Phase3.S23","S23",3,"Phase3","Phase3.S23",6115,2023,5,"6115_2023_5","C","PBS","38C",3,"1:42 pm",13.7,"M",5.31,5.31,"Tamana","Rd Chamber","R6",82.85,88,2.5,"H","ST",1.025999756,""
"Phase3.S24","S24",3,"Phase3","Phase3.S24",6115,2023,5,"6115_2023_5","TH","LPS_1","38C",3,"1:42 pm",13.7,"M",5.31,5.31,"Tamana","Rd Chamber","R6",82.85,88,2.5,"H","ST",1.025999756,""
"Phase3.S25","S25",3,"Phase3","Phase3.S25",6129,2023,5,"6129_2023_5","C","PBS","38C",3,"2:34 pm",14.57,"F",NA,1.13,"Tamana","Rd Chamber","R10",82.1,77.5,2,"","NL",0.280251344,""
"Phase3.S26","S26",3,"Phase3","Phase3.S26",6129,2023,5,"6129_2023_5","TH","LPS_1","38C",3,"2:34 pm",14.57,"F",NA,1.13,"Tamana","Rd Chamber","R10",82.1,77.5,2,"","NL",0.280251344,""
"Phase3.S27","S27",3,"Phase3","Phase3.S27",6243,2023,5,"6243_2023_5","C","PBS","38C",3,"1:46 pm",13.77,"M",5.47,5.47,"Tamana","Lg Chamber","L13",82.35,99,2,"B","ST",0.1087546,"NLR IS PREDICTED"
"Phase3.S28","S28",3,"Phase3","Phase3.S28",6243,2023,5,"6243_2023_5","TH","LPS_1","38C",3,"1:46 pm",13.77,"M",5.47,5.47,"Tamana","Lg Chamber","L13",82.35,99,2,"B","ST",0.1087546,"NLR IS PREDICTED"
"Phase3.S29","S29",3,"Phase3","Phase3.S29",6270,2023,5,"6270_2023_5","C","PBS","38C",3,"2:17 pm",14.28,"M",3.63,3.63,"Tamana","Lg Chamber","L12",86.15,95.5,1.5,"B","AT",0.233324111,""
"Phase3.S3","S3",3,"Phase3","Phase3.S3",3990,2023,5,"3990_2023_5","C","PBS","38C",3,"1:52 pm",13.87,"F",12.97,12.97,"Tamana","Rd Chamber","R9",80.44,75,4.5,"","L",0.508004747,""
"Phase3.S30","S30",3,"Phase3","Phase3.S30",6270,2023,5,"6270_2023_5","TH","LPS_1","38C",3,"2:17 pm",14.28,"M",3.63,3.63,"Tamana","Lg Chamber","L12",86.15,95.5,1.5,"B","AT",0.233324111,""
"Phase3.S31","S31",3,"Phase3","Phase3.S31",6271,2023,5,"6271_2023_5","C","PBS","38C",3,"2:10 pm",14.17,"M",3.11,3.11,"Tamana","Lg Chamber","L12",88.9,96.5,2.5,"B","ST",0.605600901,""
"Phase3.S32","S32",3,"Phase3","Phase3.S32",6271,2023,5,"6271_2023_5","TH","LPS_1","38C",3,"2:10 pm",14.17,"M",3.11,3.11,"Tamana","Lg Chamber","L12",88.9,96.5,2.5,"B","ST",0.605600901,""
"Phase3.S4","S4",3,"Phase3","Phase3.S4",3990,2023,5,"3990_2023_5","TH","LPS_1","38C",3,"1:52 pm",13.87,"F",12.97,12.97,"Tamana","Rd Chamber","R9",80.44,75,4.5,"","L",0.508004747,""
"Phase3.S5","S5",3,"Phase3","Phase3.S5",3991,2023,5,"3991_2023_5","C","PBS","38C",3,"1:42 pm",13.7,"F",4.99,5.11,"Tamana","Rd Chamber","R14",81.97,81,3.5,"","EL",-0.06278212,""
"Phase3.S6","S6",3,"Phase3","Phase3.S6",3991,2023,5,"3991_2023_5","TH","LPS_1","38C",3,"1:42 pm",13.7,"F",4.99,5.11,"Tamana","Rd Chamber","R14",81.97,81,3.5,"","EL",-0.06278212,""
"Phase3.S7","S7",3,"Phase3","Phase3.S7",4714,2023,5,"4714_2023_5","C","PBS","38C",3,"3:12 pm",15.2,"F",7.53,7.53,"Tamana","Rd Chamber","R7",80.2,74,NA,"","L",0.736737617,""
"Phase3.S8","S8",3,"Phase3","Phase3.S8",4714,2023,5,"4714_2023_5","TH","LPS_1","38C",3,"3:12 pm",15.2,"F",7.53,7.53,"Tamana","Rd Chamber","R7",80.2,74,NA,"","L",0.736737617,""
"Phase3.S9","S9",3,"Phase3","Phase3.S9",4732,2023,5,"4732_2023_5","C","PBS","38C",3,"1:44 pm",13.73,"M",3.16,3.16,"Tamana","Lg Chamber","L12",85.6,95,1.5,"B","AT",0.221737411,""
"Phase4.S1","S1",4,"Phase4","Phase4.S1",6218,2023,5,"6218_2023_5","C","PBS","38C",3,"1:07 pm",13.12,"F",3.78,3.78,"IH2","Stairwell","St_NearRt",76.55,66.5,2,"","EL",-0.719941534,""
"Phase4.S10","S10",4,"Phase4","Phase4.S10",6207,2023,5,"6207_2023_5","TH","LPS_1","38C",3,"1:22 pm",13.37,"M",5.3,5.3,"IH2","Stairwell","St_S",81.63,94.5,2,"B","ST",1.797823769,""
"Phase4.S11","S11",4,"Phase4","Phase4.S11",6216,2023,5,"6216_2023_5","C","PBS","38C",3,"12:46 pm",12.77,"F",4.67,4.67,"IH2","Stairwell","St_NearRt",83.2,81.5,2.5,"","EL",-0.109727335,""
"Phase4.S12","S12",4,"Phase4","Phase4.S12",6216,2023,5,"6216_2023_5","TH","LPS_1","38C",3,"12:46 pm",12.77,"F",4.67,4.67,"IH2","Stairwell","St_NearRt",83.2,81.5,2.5,"","EL",-0.109727335,""
"Phase4.S13","S13",4,"Phase4","Phase4.S13",6229,2023,5,"6229_2023_5","C","PBS","38C",3,"1:01 pm",13.02,"M",4.05,4.05,"IH2","Elevator","El_CR",83.03,91,2.5,"H","ST",0.697823728,""
"Phase4.S14","S14",4,"Phase4","Phase4.S14",6229,2023,5,"6229_2023_5","TH","LPS_1","38C",3,"1:01 pm",13.02,"M",4.05,4.05,"IH2","Elevator","El_CR",83.03,91,2.5,"H","ST",0.697823728,""
"Phase4.S15","S15",4,"Phase4","Phase4.S15",6254,2023,5,"6254_2023_5","C","PBS","38C",3,"11:49 am",11.82,"F",5.95,5.95,"IH2","Elevator","El_CL",78.94,87.5,2,"","NL",0.238625915,""
"Phase4.S16","S16",4,"Phase4","Phase4.S16",6254,2023,5,"6254_2023_5","TH","LPS_1","38C",3,"11:49 am",11.82,"F",5.95,5.95,"IH2","Elevator","El_CL",78.94,87.5,2,"","NL",0.238625915,""
"Phase4.S17","S17",4,"Phase4","Phase4.S17",6160,2023,5,"6160_2023_5","C","PBS","38C",3,"12:29 pm",12.48,"M",3.67,3.67,"IH2","Stairwell","St_N",81.03,92.5,1.5,"B","AT",-0.424222474,""
"Phase4.S18","S18",4,"Phase4","Phase4.S18",6160,2023,5,"6160_2023_5","TH","LPS_1","38C",3,"12:29 pm",12.48,"M",3.67,3.67,"IH2","Stairwell","St_N",81.03,92.5,1.5,"B","AT",-0.424222474,""
"Phase4.S19","S19",4,"Phase4","Phase4.S19",6163,2023,5,"6163_2023_5","C","PBS","38C",3,"12:04 pm",12.07,"M",1.74,1.74,"IH2","Stairwell","St_N",81.46,86.5,1.5,"B","AT",-0.137555543,""
"Phase4.S2","S2",4,"Phase4","Phase4.S2",6218,2023,5,"6218_2023_5","TH","LPS_1","38C",3,"1:07 pm",13.12,"F",3.78,3.78,"IH2","Stairwell","St_NearRt",76.55,66.5,2,"","EL",-0.719941534,""
"Phase4.S20","S20",4,"Phase4","Phase4.S20",6163,2023,5,"6163_2023_5","TH","LPS_1","38C",3,"12:04 pm",12.07,"M",1.74,1.74,"IH2","Stairwell","St_N",81.46,86.5,1.5,"B","AT",-0.137555543,""
"Phase4.S21","S21",4,"Phase4","Phase4.S21",6225,2023,5,"6225_2023_5","C","PBS","38C",3,"12:20 pm",12.33,"F",9.93,9.93,"IH2","Elevator","El_CR",83.07,78.5,4,"","L",0.012766131,""
"Phase4.S22","S22",4,"Phase4","Phase4.S22",6225,2023,5,"6225_2023_5","TH","LPS_1","38C",3,"12:20 pm",12.33,"F",9.93,9.93,"IH2","Elevator","El_CR",83.07,78.5,4,"","L",0.012766131,""
"Phase4.S23","S23",4,"Phase4","Phase4.S23",6228,2023,5,"6228_2023_5","C","PBS","38C",3,"12:40 pm",12.67,"F",9.02,9.02,"IH2","Elevator","El_CR",84.52,81,2.5,"","EL",-0.438696725,""
"Phase4.S24","S24",4,"Phase4","Phase4.S24",6228,2023,5,"6228_2023_5","TH","LPS_1","38C",3,"12:40 pm",12.67,"F",9.02,9.02,"IH2","Elevator","El_CR",84.52,81,2.5,"","EL",-0.438696725,""
"Phase4.S25","S25",4,"Phase4","Phase4.S25",6157,2023,5,"6157_2023_5","C","PBS","38C",3,"11:54 am",11.9,"M",5.77,5.77,"IH2","Stairwell","St_N",82.66,93.5,2.5,"B","ST",-0.014538158,""
"Phase4.S26","S26",4,"Phase4","Phase4.S26",6157,2023,5,"6157_2023_5","TH","LPS_1","38C",3,"11:54 am",11.9,"M",5.77,5.77,"IH2","Stairwell","St_N",82.66,93.5,2.5,"B","ST",-0.014538158,""
"Phase4.S27","S27",4,"Phase4","Phase4.S27",6157,2024,5,"6157_2024_5","CpG","CpG","38C",3,"11:54 am",11.9,"M",5.77,5.77,"IH2","Stairwell","St_N",82.66,93.5,2.5,"B","ST",-0.014538158,""
"Phase4.S28","S28",4,"Phase4","Phase4.S28",6159,2023,5,"6159_2023_5","C","PBS","38C",3,"1:28 pm",13.47,"M",9.29,9.29,"IH2","Stairwell","St_N",80.29,88,3,"B","ST",2.540445,""
"Phase4.S29","S29",4,"Phase4","Phase4.S29",6159,2023,5,"6159_2023_5","TH","LPS_1","38C",3,"1:28 pm",13.47,"M",9.29,9.29,"IH2","Stairwell","St_N",80.29,88,3,"B","ST",2.540445,""
"Phase4.S3","S3",4,"Phase4","Phase4.S3",6256,2023,5,"6256_2023_5","C","PBS","38C",3,"11:43 am",11.72,"M",6.66,6.66,"IH2","Elevator","El_CL",80.85,90,3,"H","ST",-0.306544816,""
"Phase4.S30","S30",4,"Phase4","Phase4.S30",6159,2024,5,"6159_2024_5","CpG","CpG","38C",3,"1:28 pm",13.47,"M",9.29,9.29,"IH2","Stairwell","St_N",80.29,88,3,"B","ST",2.540445,""
"Phase4.S31","S31",4,"Phase4","Phase4.S31",6217,2023,5,"6217_2023_5","C","PBS","38C",3,"12:34 pm",12.57,"F",11.03,11.03,"IH2","Stairwell","St_NearRt",83.53,76.5,3,"","EL",-0.311824378,""
"Phase4.S32","S32",4,"Phase4","Phase4.S32",6217,2023,5,"6217_2023_5","TH","LPS_1","38C",3,"12:34 pm",12.57,"F",11.03,11.03,"IH2","Stairwell","St_NearRt",83.53,76.5,3,"","EL",-0.311824378,""
"Phase4.S33","S33",4,"Phase4","Phase4.S33",6259,2023,5,"6259_2023_5","C","PBS","38C",3,"11:15 am",11.25,"F",11.6,11.6,"IH2","Elevator","El_CL",81.59,79,5,"","EL",0.586734587,""
"Phase4.S34","S34",4,"Phase4","Phase4.S34",6259,2023,5,"6259_2023_5","TH","LPS_1","38C",3,"11:15 am",11.25,"F",11.6,11.6,"IH2","Elevator","El_CL",81.59,79,5,"","EL",0.586734587,""
"Phase4.S4","S4",4,"Phase4","Phase4.S4",6256,2023,5,"6256_2023_5","TH","LPS_1","38C",3,"11:43 am",11.72,"M",6.66,6.66,"IH2","Elevator","El_CL",80.85,90,3,"H","ST",-0.306544816,""
"Phase4.S5","S5",4,"Phase4","Phase4.S5",6258,2023,5,"6258_2023_5","C","PBS","38C",3,"11:26 am",11.43,"F",1.73,1.73,"IH2","Elevator","El_CL",79.33,83,1.5,"","NL",-1.361633799,""
"Phase4.S6","S6",4,"Phase4","Phase4.S6",6258,2023,5,"6258_2023_5","TH","LPS_1","38C",3,"11:26 am",11.43,"F",1.73,1.73,"IH2","Elevator","El_CL",79.33,83,1.5,"","NL",-1.361633799,""
"Phase4.S7","S7",4,"Phase4","Phase4.S7",6263,2023,5,"6263_2023_5","C","PBS","38C",3,"1:22 pm",13.37,"M",9.97,9.97,"IH2","Elevator","El_LeftEdge",84.43,96,3.5,"H","ST",-0.306730267,""
"Phase4.S8","S8",4,"Phase4","Phase4.S8",6263,2023,5,"6263_2023_5","TH","LPS_1","38C",3,"1:22 pm",13.37,"M",9.97,9.97,"IH2","Elevator","El_LeftEdge",84.43,96,3.5,"H","ST",-0.306730267,""
"Phase4.S9","S9",4,"Phase4","Phase4.S9",6207,2023,5,"6207_2023_5","C","PBS","38C",3,"1:22 pm",13.37,"M",5.3,5.3,"IH2","Stairwell","St_S",81.63,94.5,2,"B","ST",1.797823769,""
"Phase5.b1.S1","S1",5,"Phase5.b1","Phase5.b1.S1",3991,2024,1,"3991_2024_1","C","PBS","38C",3,"2:40 pm",14.67,"F",5.8,5.8,"Tamana","Rd Chamber","R9",81.87,74.5,2.5,"","EL",0.828856432,""
"Phase5.b1.S10","S10",5,"Phase5.b1","Phase5.b1.S10",6001,2024,1,"6001_2024_1","C","PBS","38C",3,"4:54 pm",16.9,"M",6.79,6.79,"Tamana","Rd Chamber","R12",82.68,98,2,"H","ST",1.883874758,""
"Phase5.b1.S11","S11",5,"Phase5.b1","Phase5.b1.S11",6001,2024,1,"6001_2024_1","TH","LPS_1","38C",3,"4:54 pm",16.9,"M",6.79,6.79,"Tamana","Rd Chamber","R12",82.68,98,2,"H","ST",1.883874758,""
"Phase5.b1.S12","S12",5,"Phase5.b1","Phase5.b1.S12",6037,2024,1,"6037_2024_1","C","PBS","38C",3,"3:07 pm",15.12,"M",8.36,8.36,"Tamana","Rd Chamber","R9",86.52,92.6,3.5,"H","ST",1.085278165,""
"Phase5.b1.S13","S13",5,"Phase5.b1","Phase5.b1.S13",6037,2024,1,"6037_2024_1","C0","None","38C",0,"3:07 pm",15.12,"M",7.69,7.69,"Tamana","Rd Chamber","R9",86.37,91,3.5,"H","ST",1.974572547,""
"Phase5.b1.S14","S14",5,"Phase5.b1","Phase5.b1.S14",6037,2024,1,"6037_2024_1","TH","LPS_1","38C",3,"3:07 pm",15.12,"M",8.36,8.36,"Tamana","Rd Chamber","R9",86.52,92.6,3.5,"H","ST",1.085278165,""
"Phase5.b1.S15","S15",5,"Phase5.b1","Phase5.b1.S15",6106,2024,1,"6106_2024_1","C","PBS","38C",3,"4:52 pm",16.87,"F",6.4,6.4,"Tamana","Rd Chamber","R6",80.52,71,2.5,"","EL",0.347785997,""
"Phase5.b1.S16","S16",5,"Phase5.b1","Phase5.b1.S16",6106,2024,1,"6106_2024_1","TH","LPS_1","38C",3,"4:52 pm",16.87,"F",6.4,6.4,"Tamana","Rd Chamber","R6",80.52,71,2.5,"","EL",0.347785997,""
"Phase5.b1.S17","S17",5,"Phase5.b1","Phase5.b1.S17",6115,2024,1,"6115_2024_1","C","PBS","38C",3,"3:20 pm",15.33,"M",5.3,5.3,"Tamana","Rd Chamber","R6",82.1,85.5,2.5,"H","ST",1.261651916,""
"Phase5.b1.S18","S18",5,"Phase5.b1","Phase5.b1.S18",6115,2024,1,"6115_2024_1","TH","LPS_1","38C",3,"3:20 pm",15.33,"M",5.3,5.3,"Tamana","Rd Chamber","R6",82.1,85.5,2.5,"H","ST",1.261651916,""
"Phase5.b1.S19","S19",5,"Phase5.b1","Phase5.b1.S19",6123,2024,1,"6123_2024_1","C","PBS","38C",3,"4:13 pm",16.22,"F",17.28,17.28,"Tamana","Rd Chamber","R10",82.32,67.5,4.5,"","EL",-0.193706879,""
"Phase5.b1.S2","S2",5,"Phase5.b1","Phase5.b1.S2",3991,2024,1,"3991_2024_1","TH","LPS_1","38C",3,"2:40 pm",14.67,"F",5.8,5.8,"Tamana","Rd Chamber","R9",81.87,74.5,2.5,"","EL",0.828856432,""
"Phase5.b1.S20","S20",5,"Phase5.b1","Phase5.b1.S20",6123,2024,1,"6123_2024_1","TH","LPS_1","38C",3,"4:13 pm",16.22,"F",17.28,17.28,"Tamana","Rd Chamber","R10",82.32,67.5,4.5,"","EL",-0.193706879,""
"Phase5.b1.S21","S21",5,"Phase5.b1","Phase5.b1.S21",6150,2024,1,"6150_2024_1","C","PBS","38C",3,"4:37 pm",16.62,"M",6.1,6.1,"Tamana","Lg Chamber","L18",84.24,90.5,2,"B","ST",0.709044487,""
"Phase5.b1.S22","S22",5,"Phase5.b1","Phase5.b1.S22",6150,2024,1,"6150_2024_1","TH","LPS_1","38C",3,"4:37 pm",16.62,"M",6.1,6.1,"Tamana","Lg Chamber","L18",84.24,90.5,2,"B","ST",0.709044487,""
"Phase5.b1.S23","S23",5,"Phase5.b1","Phase5.b1.S23",6194,2024,1,"6194_2024_1","C","PBS","38C",3,"4:47 pm",16.78,"M",0.8,0.8,"Tamana","Lg Chamber","R11",82.73,73.6,1,"B","AT",1.183169677,""
"Phase5.b1.S24","S24",5,"Phase5.b1","Phase5.b1.S24",6194,2024,1,"6194_2024_1","TH","LPS_1","38C",3,"4:47 pm",16.78,"M",0.8,0.8,"Tamana","Lg Chamber","R11",82.73,73.6,1,"B","AT",1.183169677,""
"Phase5.b1.S25","S25",5,"Phase5.b1","Phase5.b1.S25",6199,2024,1,"6199_2024_1","C","PBS","38C",3,"4:00 pm",16,"M",9.9,9.9,"Tamana","Rd Chamber","R10",82.87,98,4,"H","ST",2.539733291,""
"Phase5.b1.S26","S26",5,"Phase5.b1","Phase5.b1.S26",6199,2024,1,"6199_2024_1","TH","LPS_1","38C",3,"4:00 pm",16,"M",9.9,9.9,"Tamana","Rd Chamber","R10",82.87,98,4,"H","ST",2.539733291,""
"Phase5.b1.S27","S27",5,"Phase5.b1","Phase5.b1.S27",6270,2024,1,"6270_2024_1","C","PBS","38C",3,"4:14 pm",16.23,"M",4.4,4.4,"Tamana","Rd Chamber","L18",86.44,95.2,1.5,"B","ST",0.323065576,""
"Phase5.b1.S28","S28",5,"Phase5.b1","Phase5.b1.S28",6270,2024,1,"6270_2024_1","TH","LPS_1","38C",3,"4:14 pm",16.23,"M",4.4,4.4,"Tamana","Rd Chamber","L18",86.44,95.2,1.5,"B","ST",0.323065576,""
"Phase5.b1.S29","S29",5,"Phase5.b1","Phase5.b1.S29",6281,2024,1,"6281_2024_1","C","PBS","38C",3,"3:20 pm",15.33,"F",1.75,1.75,"Tamana","Tunnel","T6",85.86,71.2,1.5,"","",-0.19923803,""
"Phase5.b1.S3","S3",5,"Phase5.b1","Phase5.b1.S3",4197,2024,1,"4197_2024_1","C","PBS","38C",3,"4:07 pm",16.12,"F",16.4,16.4,"Tamana","Rd Chamber","R11",82.6,72.8,4.5,"","EL",0.992276639,""
"Phase5.b1.S30","S30",5,"Phase5.b1","Phase5.b1.S30",6281,2024,1,"6281_2024_1","TH","LPS_1","38C",3,"3:20 pm",15.33,"F",1.75,1.75,"Tamana","Tunnel","T6",85.86,71.2,1.5,"","",-0.19923803,""
"Phase5.b1.S31","S31",5,"Phase5.b1","Phase5.b1.S31",6282,2024,1,"6282_2024_1","C","PBS","38C",3,"3:30 pm",15.5,"F",1.75,1.75,"Tamana","Tunnel","T6",82.49,69.5,1.5,"","",-0.533390497,""
"Phase5.b1.S32","S32",5,"Phase5.b1","Phase5.b1.S32",6282,2024,1,"6282_2024_1","TH","LPS_1","38C",3,"3:30 pm",15.5,"F",1.75,1.75,"Tamana","Tunnel","T6",82.49,69.5,1.5,"","",-0.533390497,""
"Phase5.b1.S33","S33",5,"Phase5.b1","Phase5.b1.S33",6321,2024,1,"6321_2024_1","C","PBS","38C",3,"4:33 pm",16.55,"M",6.46,6.46,"Tamana","Lg Chamber","L11",79.81,89.5,2.5,"B","ST",1.80388083,""
"Phase5.b1.S34","S34",5,"Phase5.b1","Phase5.b1.S34",6321,2024,1,"6321_2024_1","TH","LPS_1","38C",3,"4:33 pm",16.55,"M",6.46,6.46,"Tamana","Lg Chamber","L11",79.81,89.5,2.5,"B","ST",1.80388083,""
"Phase5.b1.S4","S4",5,"Phase5.b1","Phase5.b1.S4",4197,2024,1,"4197_2024_1","C0","None","38C",0,"4:07 pm",16.12,"F",16.4,16.4,"Tamana","Rd Chamber","R11",82.6,72.8,4.5,"","EL",0.992276639,""
"Phase5.b1.S5","S5",5,"Phase5.b1","Phase5.b1.S5",4197,2024,1,"4197_2024_1","TH","LPS_1","38C",3,"4:07 pm",16.12,"F",16.4,16.4,"Tamana","Rd Chamber","R11",82.6,72.8,4.5,"","EL",0.992276639,""
"Phase5.b1.S6","S6",5,"Phase5.b1","Phase5.b1.S6",4610,2024,1,"4610_2024_1","C","PBS","38C",3,"2:48 pm",14.8,"F",12.98,12.98,"Tamana","Rd Chamber","R9",83.76,73.5,4.5,"","EL",1.544637919,""
"Phase5.b1.S7","S7",5,"Phase5.b1","Phase5.b1.S7",4610,2024,1,"4610_2024_1","TH","LPS_1","38C",3,"2:48 pm",14.8,"F",12.98,12.98,"Tamana","Rd Chamber","R9",83.76,73.5,4.5,"","EL",1.544637919,""
"Phase5.b1.S8","S8",5,"Phase5.b1","Phase5.b1.S8",4716,2024,1,"4716_2024_1","C","PBS","38C",3,"2:14 pm",14.23,"F",13.1,13.1,"Tamana","Rd Chamber","R9",83.89,70.5,4.5,"","EL",-0.049832374,""
"Phase5.b1.S9","S9",5,"Phase5.b1","Phase5.b1.S9",4716,2024,1,"4716_2024_1","TH","LPS_1","38C",3,"2:14 pm",14.23,"F",13.1,13.1,"Tamana","Rd Chamber","R9",83.89,70.5,4.5,"","EL",-0.049832374,""
"Phase5.b2.S1","S1",5,"Phase5.b2","Phase5.b2.S1",6221,2024,1,"6221_2024_1","C","PBS","38C",3,"1:22 pm",13.37,"F",9.9,9.9,"IH2","Elevator","NEL1",80.44,75,3.5,"","EL",0.369697884,""
"Phase5.b2.S10","S10",5,"Phase5.b2","Phase5.b2.S10",6354,2024,1,"6354_2024_1","TH","LPS_1","38C",3,"3:09 pm",15.15,"F",0.8,0.8,"IH2","Elevator","NEL1",79.96,73.5,1.5,"","NEL",0.325083231,""
"Phase5.b2.S11","S11",5,"Phase5.b2","Phase5.b2.S11",6364,2024,1,"6364_2024_1","C","PBS","38C",3,"1:19 pm",13.32,"F",18.7,18.7,"IH2","Elevator","SEL3",82.5,76.5,5,"","",-0.293606658,""
"Phase5.b2.S12","S12",5,"Phase5.b2","Phase5.b2.S12",6364,2024,1,"6364_2024_1","TH","LPS_1","38C",3,"1:19 pm",13.32,"F",18.7,18.7,"IH2","Elevator","SEL3",82.5,76.5,5,"","",-0.293606658,""
"Phase5.b2.S13","S13",5,"Phase5.b2","Phase5.b2.S13",6369,2024,1,"6369_2024_1","C","PBS","38C",3,"1:31 pm",13.52,"F",11.2,11.2,"IH2","Elevator","SEL4",79.7,65.5,4,"","",1.337061088,""
"Phase5.b2.S14","S14",5,"Phase5.b2","Phase5.b2.S14",6369,2024,1,"6369_2024_1","TH","LPS_1","38C",3,"1:31 pm",13.52,"F",11.2,11.2,"IH2","Elevator","SEL4",79.7,65.5,4,"","",1.337061088,""
"Phase5.b2.S15","S15",5,"Phase5.b2","Phase5.b2.S15",6369,2024,1,"6369_2024_1","C0","None","38C",0,"1:31 pm",13.52,"F",11.2,11.2,"IH2","Elevator","SEL4",79.7,65.5,4,"","",1.337061088,""
"Phase5.b2.S16","S16",5,"Phase5.b2","Phase5.b2.S16",6377,2024,1,"6377_2024_1","C","PBS","38C",3,"1:41 pm",13.68,"F",11.24,11.24,"IH2","Elevator","SEL4",81.18,71.5,4,"","EL",1.323235183,""
"Phase5.b2.S17","S17",5,"Phase5.b2","Phase5.b2.S17",6377,2024,1,"6377_2024_1","TH","LPS_1","38C",3,"1:41 pm",13.68,"F",11.24,11.24,"IH2","Elevator","SEL4",81.18,71.5,4,"","EL",1.323235183,""
"Phase5.b2.S18","S18",5,"Phase5.b2","Phase5.b2.S18",6165,2024,1,"6165_2024_1","C","PBS","38C",3,"2:10 pm",14.17,"M",4.2,4.2,"IH2","Stairwell","",81.33,85.5,2,"B","ST",0.844147005,""
"Phase5.b2.S19","S19",5,"Phase5.b2","Phase5.b2.S19",6165,2024,1,"6165_2024_1","TH","LPS_1","38C",3,"2:10 pm",14.17,"M",4.2,4.2,"IH2","Stairwell","",81.33,85.5,2,"B","ST",0.844147005,""
"Phase5.b2.S2","S2",5,"Phase5.b2","Phase5.b2.S2",6221,2024,1,"6221_2024_1","TH","LPS_1","38C",3,"1:22 pm",13.37,"F",9.9,9.9,"IH2","Elevator","NEL1",80.44,75,3.5,"","EL",0.369697884,""
"Phase5.b2.S20","S20",5,"Phase5.b2","Phase5.b2.S20",6256,2024,1,"6256_2024_1","C","PBS","38C",3,"1:34 pm",13.57,"M",7.5,7.5,"IH2","Elevator","SEL2",80.76,86,3.5,"H","ST",0.029012396,""
"Phase5.b2.S21","S21",5,"Phase5.b2","Phase5.b2.S21",6256,2024,1,"6256_2024_1","TH","LPS_1","38C",3,"1:34 pm",13.57,"M",7.5,7.5,"IH2","Elevator","SEL2",80.76,86,3.5,"H","ST",0.029012396,""
"Phase5.b2.S22","S22",5,"Phase5.b2","Phase5.b2.S22",6334,2024,1,"6334_2024_1","C","PBS","38C",3,"2:18 pm",14.3,"M",2.9,2.9,"IH2","Stairwell","",83.13,91.5,2,"B","ST",1.787507687,""
"Phase5.b2.S23","S23",5,"Phase5.b2","Phase5.b2.S23",6334,2024,1,"6334_2024_1","TH","LPS_1","38C",3,"2:18 pm",14.3,"M",2.9,2.9,"IH2","Stairwell","",83.13,91.5,2,"B","ST",1.787507687,""
"Phase5.b2.S24","S24",5,"Phase5.b2","Phase5.b2.S24",6338,2024,1,"6338_2024_1","C","PBS","38C",3,"3:18 pm",15.3,"M",7.9,7.9,"IH2","Stairwell","",81.96,85.5,2.5,"B","ST",0.863411086,""
"Phase5.b2.S25","S25",5,"Phase5.b2","Phase5.b2.S25",6338,2024,1,"6338_2024_1","TH","LPS_1","38C",3,"3:18 pm",15.3,"M",7.9,7.9,"IH2","Stairwell","",81.96,85.5,2.5,"B","ST",0.863411086,""
"Phase5.b2.S26","S26",5,"Phase5.b2","Phase5.b2.S26",6339,2024,1,"6339_2024_1","C","PBS","38C",3,"3:44 pm",15.73,"M",1.9,1.9,"IH2","Stairwell","",78.02,73.8,1.5,"B","AT",0.43936666,""
"Phase5.b2.S27","S27",5,"Phase5.b2","Phase5.b2.S27",6339,2024,1,"6339_2024_1","TH","LPS_1","38C",3,"3:44 pm",15.73,"M",1.9,1.9,"IH2","Stairwell","",78.02,73.8,1.5,"B","AT",0.43936666,""
"Phase5.b2.S28","S28",5,"Phase5.b2","Phase5.b2.S28",6340,2024,1,"6340_2024_1","C","PBS","38C",3,"3:35 pm",15.58,"M",3,3,"IH2","Stairwell","",82.18,86,1.5,"B","AT",0.694742332,""
"Phase5.b2.S29","S29",5,"Phase5.b2","Phase5.b2.S29",6340,2024,1,"6340_2024_1","TH","LPS_1","38C",3,"3:35 pm",15.58,"M",3,3,"IH2","Stairwell","",82.18,86,1.5,"B","AT",0.694742332,""
"Phase5.b2.S3","S3",5,"Phase5.b2","Phase5.b2.S3",6227,2024,1,"6227_2024_1","C","PBS","38C",3,"2:02 pm",14.03,"F",5.4,5.4,"IH2","Elevator","NEL1",80.61,71.8,3,"","EL",0.336965922,""
"Phase5.b2.S30","S30",5,"Phase5.b2","Phase5.b2.S30",6386,2024,1,"6386_2024_1","C","PBS","38C",3,"1:27 pm",13.45,"M",7.1,7.1,"IH2","Elevator","NEL6",81.55,85.5,3,"H","ST",0.758459331,""
"Phase5.b2.S31","S31",5,"Phase5.b2","Phase5.b2.S31",6386,2024,1,"6386_2024_1","TH","LPS_1","38C",3,"1:27 pm",13.45,"M",7.1,7.1,"IH2","Elevator","NEL6",81.55,85.5,3,"H","ST",0.758459331,""
"Phase5.b2.S32","S32",5,"Phase5.b2","Phase5.b2.S32",6387,2024,1,"6387_2024_1","C","PBS","38C",3,"1:43 pm",13.72,"M",3.95,3.95,"IH2","Elevator","SEL7",81.73,85.5,2,"H","ST",0.314587723,""
"Phase5.b2.S33","S33",5,"Phase5.b2","Phase5.b2.S33",6387,2024,1,"6387_2024_1","TH","LPS_1","38C",3,"1:43 pm",13.72,"M",3.95,3.95,"IH2","Elevator","SEL7",81.73,85.5,2,"H","ST",0.314587723,""
"Phase5.b2.S34","S34",5,"Phase5.b2","Phase5.b2.S34",6387,2024,1,"6387_2024_1","C0","None","38C",0,"1:43 pm",13.72,"M",3.95,3.95,"IH2","Elevator","SEL7",81.73,85.5,2,"H","ST",0.314587723,""
"Phase5.b2.S4","S4",5,"Phase5.b2","Phase5.b2.S4",6227,2024,1,"6227_2024_1","TH","LPS_1","38C",3,"2:02 pm",14.03,"F",5.4,5.4,"IH2","Elevator","NEL1",80.61,71.8,3,"","EL",0.336965922,""
"Phase5.b2.S5","S5",5,"Phase5.b2","Phase5.b2.S5",6246,2024,1,"6246_2024_1","C","PBS","38C",3,"3:00 pm",15,"F",5,5,"IH2","Elevator","SEL2",81.31,79.5,2,"","EL",-0.629295709,""
"Phase5.b2.S6","S6",5,"Phase5.b2","Phase5.b2.S6",6246,2024,1,"6246_2024_1","TH","LPS_1","38C",3,"3:00 pm",15,"F",5,5,"IH2","Elevator","SEL2",81.31,79.5,2,"","EL",-0.629295709,""
"Phase5.b2.S7","S7",5,"Phase5.b2","Phase5.b2.S7",6259,2024,1,"6259_2024_1","C","PBS","38C",3,"2:50 pm",14.83,"F",12.4,12.4,"IH2","Elevator","SEL2",81.79,74,4.5,"","EL",0.519422249,""
"Phase5.b2.S8","S8",5,"Phase5.b2","Phase5.b2.S8",6259,2024,1,"6259_2024_1","TH","LPS_1","38C",3,"2:50 pm",14.83,"F",12.4,12.4,"IH2","Elevator","SEL2",81.79,74,4.5,"","EL",0.519422249,""
"Phase5.b2.S9","S9",5,"Phase5.b2","Phase5.b2.S9",6354,2024,1,"6354_2024_1","C","PBS","38C",3,"3:09 pm",15.15,"F",0.8,0.8,"IH2","Elevator","NEL1",79.96,73.5,1.5,"","NEL",0.325083231,""
"Phase6.S1","S1",6,"Phase6","Phase6.S1",3980,2024,1,"3980_2024_1","C0","None","38C",0,"11:30 am",11.5,"F",10,10,"Tamana","Rd Chamber","R9",82.04,70.8,4,"","EL",1.131402111,""
"Phase6.S10","S10",6,"Phase6","Phase6.S10",6126,2024,1,"6126_2024_1","C0","None","38C",0,"",0,"F",15.1,15.1,"Tamana","Rd Chamber","R10",85.69,72.2,4.5,"","EL",1.592002851,""
"Phase6.S11","S11",6,"Phase6","Phase6.S11",6150,2024,1,"6150_2024_1","C0","None","38C",0,"4:37 pm",16.62,"M",6.1,6.1,"Tamana","Lg Chamber","L18",84.24,90.5,2,"B","ST",0.709928658,""
"Phase6.S12","S12",6,"Phase6","Phase6.S12",6165,2024,1,"6165_2024_1","C0","None","38C",0,"",0,"M",4,4,"Ice House2","Stairway","North",82.74,87.5,1.5,"B","ST",0.842393486,""
"Phase6.S13","S13",6,"Phase6","Phase6.S13",6194,2024,1,"6194_2024_1","C0","None","38C",0,"4:47 pm",16.78,"M",0.8,0.8,"Tamana","Lg Chamber","R11",82.73,73.6,1,"B","AT",1.181700169,""
"Phase6.S14","S14",6,"Phase6","Phase6.S14",6216,2024,1,"6216_2024_1","C0","None","38C",0,"",0,"F",5.3,5.3,"Ice House2","Elevator","NEL6",85.12,81.5,3,"","EL",0.348894757,""
"Phase6.S15","S15",6,"Phase6","Phase6.S15",6227,2024,1,"6227_2024_1","C0","None","38C",0,"2:02 pm",14.03,"F",5.4,5.4,"IH2","Elevator","NEL1",80.61,71.8,3,"","EL",0.338102524,""
"Phase6.S16","S16",6,"Phase6","Phase6.S16",6310,2024,1,"6310_2024_1","C0","None","38C",0,"",0,"M",4.9,4.9,"Tamana","Tunnel","T5",85.07,90.5,3,"H","ST",0.939077458,""
"Phase6.S17","S17",6,"Phase6","Phase6.S17",6323,2024,1,"6323_2024_1","C0","None","38C",0,"",0,"M",4.5,4.5,"Tamana","Rd Chamber","R11",85.2,88.5,2.5,"H","ST",1.589972578,""
"Phase6.S18","S18",6,"Phase6","Phase6.S18",6334,2024,1,"6334_2024_1","C0","None","38C",0,"",0,"M",2.9,2.9,"Ice House2","Elevator","EL6.1",78.55,87,2,"B","ST",1.788142829,""
"Phase6.S19","S19",6,"Phase6","Phase6.S19",6335,2024,1,"6335_2024_1","C0","None","38C",0,"",0,"M",3,3,"Ice House2","Stairwell","",84.71,94,2,"B","ST",0.44249831,""
"Phase6.S2","S2",6,"Phase6","Phase6.S2",4785,2024,1,"4785_2024_1","C0","None","38C",0,"12:00 pm",12,"F",16.4,16.4,"Tamana","Rd Chamber","R6",84.16,76,2.5,"","EL",1.673976434,""
"Phase6.S20","S20",6,"Phase6","Phase6.S20",6336,2024,1,"6336_2024_1","C0","None","38C",0,"",0,"M",3.7,3.7,"Ice House2","Stairwell","",82.21,84.2,2,"B","ST",3.277144733,""
"Phase6.S21","S21",6,"Phase6","Phase6.S21",6338,2024,1,"6338_2024_1","C0","None","38C",0,"3:18 pm",15.3,"M",7.9,7.9,"IH2","Stairwell","",81.96,85.5,2.5,"B","ST",0.865182093,""
"Phase6.S22","S22",6,"Phase6","Phase6.S22",6339,2024,1,"6339_2024_1","C0","None","38C",0,"3:44 pm",15.73,"M",1.9,1.9,"IH2","Stairwell","",78.02,73.8,1.5,"B","AT",0.438504962,""
"Phase6.S23","S23",6,"Phase6","Phase6.S23",6340,2024,1,"6340_2024_1","C0","None","38C",0,"3:35 pm",15.58,"M",3,3,"IH2","Stairwell","",82.18,86,1.5,"B","AT",0.694693971,""
"Phase6.S24","S24",6,"Phase6","Phase6.S24",6347,2024,1,"6347_2024_1","C0","None","38C",0,"11:40 am",11.67,"F",9.6,9.6,"Ice House2","Elevator","NEL1",79.56,78,4,"","EL",0.043390755,""
"Phase6.S25","S25",6,"Phase6","Phase6.S25",6352,2024,1,"6352_2024_1","C0","None","38C",0,"11:40 am",11.67,"F",13.4,13.4,"Ice House2","Elevator","NEL1",81.78,68,3,"","EL",1.03932546,""
"Phase6.S26","S26",6,"Phase6","Phase6.S26",6354,2024,1,"6354_2024_1","C0","None","38C",0,"3:09 pm",15.15,"F",0.8,0.8,"IH2","Elevator","NEL1",79.96,73.5,1.5,"","NEL",0.325083231,""
"Phase6.S27","S27",6,"Phase6","Phase6.S27",4701,2023,1,"4701_2023_1","C0","None","38C",0,"10:50 am",10.83,"M",1.3,1.3,"Tamana","Rd Chamber","R9",87.43,79.5,1,"B","AT",1.028217875,""
"Phase6.S28","S28",6,"Phase6","Phase6.S28",6265,2024,1,"6265_2024_1","C0","None","38C",0,"",0,"F",0.8,0.8,"Tamana","Rd Chamber","R10",82.15,57.5,0.9,"","",0.31642144,""
"Phase6.S29","S29",6,"Phase6","Phase6.S29",6288,2024,1,"6288_2024_1","C0","None","38C",0,"",0,"F",1.75,1.75,"Tamana","Tunnel","T5",84.09,70,1.5,"","",0.467957942,""
"Phase6.S3","S3",6,"Phase6","Phase6.S3",4793,2024,1,"4793_2024_1","C0","None","38C",0,"11:30 am",11.5,"F",11.4,11.4,"Tamana","Rd Chamber","R9",81.36,71.8,4.5,"","EL",0.342223736,""
"Phase6.S30","S30",6,"Phase6","Phase6.S30",3827,2024,1,"3827_2024_1","C0","None","38C",0,"1:23 pm",13.38,"F",18.26,18.26,"Tamana","Rd Chamber","R11",85.14,76.8,4,"","EL",1.437530527,""
"Phase6.S31","S31",6,"Phase6","Phase6.S31",6101,2024,1,"6101_2024_1","C0","None","38C",0,"12:00 pm",12,"F",7.2,7.2,"Tamana","Rd Chamber","R6",79.29,73,3,"","EL",1.779783278,""
"Phase6.S32","S32",6,"Phase6","Phase6.S32",4727,2023,1,"4727_2023_1","C0","None","38C",0,"11:30 am",11.5,"F",5.75,5.75,"Tamana","Rd Chamber","R14",84.76,85,3,"","NP",1.262065361,""
"Phase6.S33","S33",6,"Phase6","Phase6.S33",6036,2023,1,"6036_2023_1","C0","None","38C",0,"12:10 pm",12.17,"M",5,5,"Tamana","Rd Chamber","R7",84.78,89,2,"H","ST",1.49466999,""
"Phase6.S34","S34",6,"Phase6","Phase6.S34",4762,2023,1,"4762_2023_1","C0","None","38C",0,"12:00 pm",12,"M",5.51,5.51,"Tamana","Tunnel","T1",82.89,92,2,"H","ST",-0.042559614,""
"Phase6.S4","S4",6,"Phase6","Phase6.S4",6001,2024,1,"6001_2024_1","C0","None","38C",0,"4:54 pm",16.9,"M",6.79,6.79,"Tamana","Rd Chamber","R12",82.68,98,2,"H","ST",1.883874758,""
"Phase6.S5","S5",6,"Phase6","Phase6.S5",6107,2024,1,"6107_2024_1","C0","None","38C",0,"12:00 pm",12,"F",8.1,8.1,"Tamana","Rd Chamber","R6",80.1,69.4,2,"","EL",2.2914862,""
"Phase6.S6","S6",6,"Phase6","Phase6.S6",6112,2024,1,"6112_2024_1","C0","None","38C",0,"12:00 pm",12,"F",7.3,7.3,"Tamana","Rd Chamber","R6",80.15,73,3,"","EL",0.605235308,""
"Phase6.S7","S7",6,"Phase6","Phase6.S7",6115,2024,1,"6115_2024_1","C0","None","38C",0,"3:20 pm",15.33,"M",5.3,5.3,"Tamana","Rd Chamber","R6",82.1,85.5,2.5,"H","ST",1.261651916,""
"Phase6.S8","S8",6,"Phase6","Phase6.S8",6119,2024,1,"6119_2024_1","C0","None","38C",0,"12:20 pm",12.33,"F",6.5,6.5,"Tamana","Rd Chamber","R10",80.98,73.5,2.5,"","",0.729326837,""
"Phase6.S9","S9",6,"Phase6","Phase6.S9",6123,2024,1,"6123_2024_1","C0","None","38C",0,"4:13 pm",16.22,"F",17.28,17.28,"Tamana","Rd Chamber","R10",82.32,67.5,4.5,"","EL",-0.192943811,""
"Phase7.1.S1","S1",7,"Phase7.1","Phase7.1.S1",6258,2025,1,"6258_2025_1","C0","None","38C",0,"12:10 pm",12.17,"F",3.52,3.52,"Ice House2","Elevator","EL4.7",79.2,76.5,2,"","NP",0.396654478,""
"Phase7.1.S10","S10",7,"Phase7.1","Phase7.1.S10",6383,2025,1,"6383_2025_1","TH","LPS_1","38C",3,"12:10 pm",12.17,"F",12.13,12.13,"Ice House2","Elevator","EL4.7",81.48,73,5,"","NP",0.334639056,""
"Phase7.1.S11","S11",7,"Phase7.1","Phase7.1.S11",6247,2025,1,"6247_2025_1","C0","None","38C",0,"12:10 pm",12.17,"F",12.34,12.34,"Ice House2","Elevator","EL4.7",79.4,71,4.5,"","NP",0.78691534,""
"Phase7.1.S12","S12",7,"Phase7.1","Phase7.1.S12",6247,2025,1,"6247_2025_1","TH","LPS_1","38C",3,"12:10 pm",12.17,"F",12.34,12.34,"Ice House2","Elevator","EL4.7",79.4,71,4.5,"","NP",0.78691534,""
"Phase7.1.S13","S13",7,"Phase7.1","Phase7.1.S13",6417,2025,1,"6417_2025_1","C0","None","38C",0,"12:05 pm",12.08,"M",2.38,2.38,"Ice House2","Stairwell","ST7.4",82.02,73.5,1,"B","AB",0.10333827,""
"Phase7.1.S14","S14",7,"Phase7.1","Phase7.1.S14",6417,2025,1,"6417_2025_1","TH","LPS_1","38C",3,"12:05 pm",12.08,"M",2.38,2.85,"Ice House2","Stairwell","ST7.4",82.02,73.5,1,"B","AB",0.10333827,""
"Phase7.1.S15","S15",7,"Phase7.1","Phase7.1.S15",6334,2025,1,"6334_2025_1","C0","None","38C",0,"11:45 am",11.75,"M",3.92,3.92,"Ice House2","Elevator","EL6.1",78.55,87,2,"B","ST",2.383554156,""
"Phase7.1.S16","S16",7,"Phase7.1","Phase7.1.S16",6334,2025,1,"6334_2025_1","TH","LPS_1","38C",3,"11:45 am",11.75,"M",3.92,3.92,"Ice House2","Elevator","EL6.1",78.55,87,2,"B","ST",2.383554156,""
"Phase7.1.S17","S17",7,"Phase7.1","Phase7.1.S17",6422,2025,1,"6422_2025_1","C0","None","38C",0,"12:05 pm",12.08,"M",1.77,1.77,"Ice House2","Stairwell","ST7.4",79.2,73,1.5,"B","AB",-0.790359406,""
"Phase7.1.S18","S18",7,"Phase7.1","Phase7.1.S18",6422,2025,1,"6422_2025_1","TH","LPS_1","38C",3,"12:05 pm",12.08,"M",1.77,1.77,"Ice House2","Stairwell","ST7.4",79.2,73,1.5,"B","AB",-0.790359406,""
"Phase7.1.S19","S19",7,"Phase7.1","Phase7.1.S19",6342,2025,1,"6342_2025_1","C0","None","38C",0,"11:45 am",11.75,"M",3.61,3.61,"Ice House2","Elevator","EL6.1",80.47,83.5,2,"B","ST",0.666225523,""
"Phase7.1.S2","S2",7,"Phase7.1","Phase7.1.S2",6258,2025,1,"6258_2025_1","TH","LPS_1","38C",3,"12:10 pm",12.17,"F",3.52,3.52,"Ice House2","Elevator","EL4.7",79.2,76.5,2,"","NP",0.396654478,""
"Phase7.1.S20","S20",7,"Phase7.1","Phase7.1.S20",6342,2025,1,"6342_2025_1","TH","LPS_1","38C",3,"11:45 am",11.75,"M",3.61,3.61,"Ice House2","Elevator","EL6.1",80.47,83.5,2,"B","ST",0.666225523,""
"Phase7.1.S21","S21",7,"Phase7.1","Phase7.1.S21",6420,2025,1,"6420_2025_1","C0","None","38C",0,"12:05 pm",12.08,"M",3.44,3.44,"Ice House2","Stairwell","ST7.4",81.21,83.5,2,"B","ST",-0.939591297,""
"Phase7.1.S22","S22",7,"Phase7.1","Phase7.1.S22",6420,2025,1,"6420_2025_1","TH","LPS_1","38C",3,"12:05 pm",12.08,"M",3.44,3.44,"Ice House2","Stairwell","ST7.4",81.21,83.5,2,"B","ST",-0.939591297,""
"Phase7.1.S23","S23",7,"Phase7.1","Phase7.1.S23",6421,2025,1,"6421_2025_1","C0","None","38C",0,"12:05 pm",12.08,"M",2.94,2.94,"Ice House2","Stairwell","ST7.4",80.47,82.5,2,"B","ST",1.125431115,""
"Phase7.1.S24","S24",7,"Phase7.1","Phase7.1.S24",6421,2025,1,"6421_2025_1","TH","LPS_1","38C",3,"12:05 pm",12.08,"M",2.94,2.94,"Ice House2","Stairwell","ST7.4",80.47,82.5,2,"B","ST",1.125431115,""
"Phase7.1.S25","S25",7,"Phase7.1","Phase7.1.S25",6439,2025,1,"6439_2025_1","C0","None","38C",0,"11:45 am",11.75,"M",4.03,4.03,"Ice House2","Elevator","EL6.1",80.91,85,2.5,"B","ST",0.843758034,""
"Phase7.1.S26","S26",7,"Phase7.1","Phase7.1.S26",6439,2025,1,"6439_2025_1","TH","LPS_1","38C",3,"11:45 am",11.75,"M",4.03,4.03,"Ice House2","Elevator","EL6.1",80.91,85,2.5,"B","ST",0.843758034,""
"Phase7.1.S27","S27",7,"Phase7.1","Phase7.1.S27",6435,2025,1,"6435_2025_1","C0","None","38C",0,"11:45 am",11.75,"M",7.23,7.23,"Ice House2","Elevator","EL6.1",79.78,97,3.5,"B","ST",0.872757484,""
"Phase7.1.S28","S28",7,"Phase7.1","Phase7.1.S28",6435,2025,1,"6435_2025_1","TH","LPS_1","38C",3,"11:45 am",11.75,"M",7.23,7.23,"Ice House2","Elevator","EL6.1",79.78,97,3.5,"B","ST",0.872757484,""
"Phase7.1.S29","S29",7,"Phase7.1","Phase7.1.S29",4750,2025,1,"4750_2025_1","C0","None","38C",0,"11:45 am",11.75,"F",NA,2.74,"Tamana","Round chamber","R1",81.59,76,2,"","NP",0.38692153,""
"Phase7.1.S3","S3",7,"Phase7.1","Phase7.1.S3",6440,2025,1,"6440_2025_1","C0","None","38C",0,"11:45 am",11.75,"F",2.92,2.92,"Ice House2","Elevator","EL6.1",81.03,66,2,"","NEL",-0.175526514,""
"Phase7.1.S30","S30",7,"Phase7.1","Phase7.1.S30",4750,2025,1,"4750_2025_1","TH","LPS_1","38C",3,"11:45 am",11.75,"F",NA,2.74,"Tamana","Round chamber","R1",81.59,76,2,"","NP",0.38692153,""
"Phase7.1.S31","S31",7,"Phase7.1","Phase7.1.S31",6029,2025,1,"6029_2025_1","C0","None","38C",0,"11:45 am",11.75,"F",4.36,4.36,"Tamana","Round chamber","R1",80.72,72,2.5,"","NP",0.940983344,""
"Phase7.1.S32","S32",7,"Phase7.1","Phase7.1.S32",6029,2025,1,"6029_2025_1","TH","LPS_1","38C",3,"11:45 am",11.75,"F",4.36,4.36,"Tamana","Round chamber","R1",80.72,72,2.5,"","NP",0.940983344,""
"Phase7.1.S33","S33",7,"Phase7.1","Phase7.1.S33",4789,2025,1,"4789_2025_1","C0","None","38C",0,"11:35 am",11.58,"F",5.43,5.43,"Tamana","Round chamber","R9",82.68,74.5,2,"","NP",-0.316120008,""
"Phase7.1.S34","S34",7,"Phase7.1","Phase7.1.S34",4789,2025,1,"4789_2025_1","TH","LPS_1","38C",3,"11:35 am",11.58,"F",5.43,5.43,"Tamana","Round chamber","R9",82.68,74.5,2,"","NP",-0.316120008,""
"Phase7.1.S4","S4",7,"Phase7.1","Phase7.1.S4",6440,2025,1,"6440_2025_1","TH","LPS_1","38C",3,"11:45 am",11.75,"F",2.92,2.92,"Ice House2","Elevator","EL6.1",81.03,66,2,"","NEL",-0.175526514,""
"Phase7.1.S5","S5",7,"Phase7.1","Phase7.1.S5",6250,2025,1,"6250_2025_1","C0","None","38C",0,"12:10 pm",12.17,"F",11.25,11.25,"Ice House2","Elevator","EL4.7",76.6,68,4,"","NP",0.822053801,""
"Phase7.1.S6","S6",7,"Phase7.1","Phase7.1.S6",6250,2025,1,"6250_2025_1","TH","LPS_1","38C",3,"12:10 pm",12.17,"F",11.25,11.25,"Ice House2","Elevator","EL4.7",76.6,68,4,"","NP",0.822053801,""
"Phase7.1.S7","S7",7,"Phase7.1","Phase7.1.S7",6447,2025,1,"6447_2025_1","C0","None","38C",0,"12:10 pm",12.17,"F",10.49,10.49,"Ice House2","Elevator","EL4.7",80.63,79.5,4,"","NP",1.609437912,""
"Phase7.1.S8","S8",7,"Phase7.1","Phase7.1.S8",6447,2025,1,"6447_2025_1","TH","LPS_1","38C",3,"12:10 pm",12.17,"F",10.49,10.49,"Ice House2","Elevator","EL4.7",80.63,79.5,4,"","NP",1.609437912,""
"Phase7.1.S9","S9",7,"Phase7.1","Phase7.1.S9",6383,2025,1,"6383_2025_1","C0","None","38C",0,"12:10 pm",12.17,"F",12.13,12.13,"Ice House2","Elevator","EL4.7",81.48,73,5,"","NP",0.334639056,""
"Phase7.2.S1","S1",7,"Phase7.2","Phase7.2.S1",2311,2025,1,"2311_2025_1","C0","None","38C",0,"11:35 am",11.58,"F",NA,7.74,"Tamana","Round chamber","R9",80.98,76.5,3,"","NP",0.390238661,""
"Phase7.2.S10","S10",7,"Phase7.2","Phase7.2.S10",3990,2025,1,"3990_2025_1","TH","LPS_1","38C",3,"11:35 am",11.58,"F",14.64,14.64,"Tamana","Round chamber","R9",80.67,72.5,4,"","NP",0.632328441,""
"Phase7.2.S11","S11",7,"Phase7.2","Phase7.2.S11",6198,2025,1,"6198_2025_1","C0","None","38C",0,"12:30 pm",12.5,"M",NA,1.73,"Tamana","Long chamber","L15",79.71,83,2.5,"B","AB",0.959041899,""
"Phase7.2.S12","S12",7,"Phase7.2","Phase7.2.S12",6198,2025,1,"6198_2025_1","TH","LPS_1","38C",3,"12:30 pm",12.5,"M",NA,1.73,"Tamana","Long chamber","L15",79.71,83,2.5,"B","AB",0.959041899,""
"Phase7.2.S13","S13",7,"Phase7.2","Phase7.2.S13",6355,2025,1,"6355_2025_1","C0","None","38C",0,"12:30 pm",12.5,"M",4.05,4.05,"Tamana","Long chamber","L15",83.57,87.5,2.5,"B","ST",2.102972039,""
"Phase7.2.S14","S14",7,"Phase7.2","Phase7.2.S14",6355,2025,1,"6355_2025_1","TH","LPS_1","38C",3,"12:30 pm",12.5,"M",4.05,4.05,"Tamana","Long chamber","L15",83.57,87.5,2.5,"B","ST",2.102972039,""
"Phase7.2.S15","S15",7,"Phase7.2","Phase7.2.S15",6395,2025,1,"6395_2025_1","C0","None","38C",0,"12:30 pm",12.5,"M",3.42,3.42,"Tamana","Long chamber","L15",79.63,87,1.5,"B","AB",1.968652003,""
"Phase7.2.S16","S16",7,"Phase7.2","Phase7.2.S16",6395,2025,1,"6395_2025_1","TH","LPS_1","38C",3,"12:30 pm",12.5,"M",3.42,3.42,"Tamana","Long chamber","L15",79.63,87,1.5,"B","AB",1.968652003,""
"Phase7.2.S17","S17",7,"Phase7.2","Phase7.2.S17",6323,2025,1,"6323_2025_1","C0","None","38C",0,"1:50 pm",13.83,"M",5.51,5.51,"Tamana","Round chamber","R11",85.13,87,2.5,"H","ST",0.479441709,""
"Phase7.2.S18","S18",7,"Phase7.2","Phase7.2.S18",6323,2025,1,"6323_2025_1","TH","LPS_1","38C",3,"1:50 pm",13.83,"M",5.51,5.51,"Tamana","Round chamber","R11",85.13,87,2.5,"H","ST",0.479441709,""
"Phase7.2.S19","S19",7,"Phase7.2","Phase7.2.S19",6396,2025,1,"6396_2025_1","C0","None","38C",0,"12:30 pm",12.5,"M",5,5,"Tamana","Long chamber","L15",80.51,80,2,"B","ST",0.631589288,""
"Phase7.2.S2","S2",7,"Phase7.2","Phase7.2.S2",2311,2025,1,"2311_2025_1","TH","LPS_1","38C",3,"11:35 am",11.58,"F",NA,7.74,"Tamana","Round chamber","R9",80.98,76.5,3,"","NP",0.390238661,""
"Phase7.2.S20","S20",7,"Phase7.2","Phase7.2.S20",6396,2025,1,"6396_2025_1","TH","LPS_1","38C",3,"12:30 pm",12.5,"M",5,5,"Tamana","Long chamber","L15",80.51,80,2,"B","ST",0.631589288,""
"Phase7.2.S21","S21",7,"Phase7.2","Phase7.2.S21",6037,2025,1,"6037_2025_1","C0","None","38C",0,"11:35 am",11.58,"M",9.36,9.36,"Tamana","Round chamber","R9",87.07,99.5,3.5,"H","ST",1.218928895,""
"Phase7.2.S22","S22",7,"Phase7.2","Phase7.2.S22",6037,2025,1,"6037_2025_1","TH","LPS_1","38C",3,"11:35 am",11.58,"M",9.36,9.36,"Tamana","Round chamber","R9",87.07,99.5,3.5,"H","ST",1.218928895,""
"Phase7.2.S23","S23",7,"Phase7.2","Phase7.2.S23",6446,2025,1,"6446_2025_1","C0","None","38C",0,"12:10 pm",12.17,"F",8.51,8.51,"Ice House2","Elevator","EL4.7",79.32,70,3,"","NP",1.338450719,""
"Phase7.2.S24","S24",7,"Phase7.2","Phase7.2.S24",6446,2025,1,"6446_2025_1","TH","LPS_1","38C",3,"12:10 pm",12.17,"F",8.51,8.51,"Ice House2","Elevator","EL4.7",79.32,70,3,"","NP",1.338450719,""
"Phase7.2.S25","S25",7,"Phase7.2","Phase7.2.S25",6259,2025,1,"6259_2025_1","C0","None","38C",0,"12:10 pm",12.17,"F",13.4,13.4,"Ice House2","Elevator","EL4.7",81.58,71.5,4,"","NP",0.614463588,""
"Phase7.2.S26","S26",7,"Phase7.2","Phase7.2.S26",6259,2025,1,"6259_2025_1","TH","LPS_1","38C",3,"12:10 pm",12.17,"F",13.4,13.4,"Ice House2","Elevator","EL4.7",81.58,71.5,4,"","NP",0.614463588,""
"Phase7.2.S27","S27",7,"Phase7.2","Phase7.2.S27",6272,2025,1,"6272_2025_1","C0","None","38C",0,"12:30 pm",12.5,"M",6.2,6.2,"Tamana","Long chamber","L15",85.58,95,3,"B","ST",1.851789737,""
"Phase7.2.S28","S28",7,"Phase7.2","Phase7.2.S28",6272,2025,1,"6272_2025_1","TH","LPS_1","38C",3,"12:30 pm",12.5,"M",6.2,6.2,"Tamana","Long chamber","L15",85.58,95,3,"B","ST",1.851789737,""
"Phase7.2.S29","S29",7,"Phase7.2","Phase7.2.S29",4982,2025,1,"4982_2025_1","C0","None","38C",0,"11:45 am",11.75,"M",6.42,6.42,"Tamana","Round chamber","R1",82.57,88,2.5,"H","ST",1.438938095,""
"Phase7.2.S3","S3",7,"Phase7.2","Phase7.2.S3",6033,2025,1,"6033_2025_1","C0","None","38C",0,"11:45 am",11.75,"F",7.83,7.83,"Tamana","Round chamber","R1",81.21,71.5,3.5,"","NP",0.713349888,""
"Phase7.2.S30","S30",7,"Phase7.2","Phase7.2.S30",4982,2025,1,"4982_2025_1","TH","LPS_1","38C",3,"11:45 am",11.75,"M",6.42,6.42,"Tamana","Round chamber","R1",82.57,88,2.5,"H","ST",1.438938095,""
"Phase7.2.S31","S31",7,"Phase7.2","Phase7.2.S31",6033,2025,1,"6033_2025_1","C3","None","38C",0,"11:45 am",11.75,"F",7.83,7.83,"Tamana","Round chamber","R1",81.21,71.5,3.5,"","NP",0.713349888,""
"Phase7.2.S32","S32",7,"Phase7.2","Phase7.2.S32",4716,2025,1,"4716_2025_1","C3","None","38C",0,"11:35 am",11.58,"F",14.1,14.1,"Tamana","Round chamber","R9",83.7,73.5,5,"","NP",-0.216026084,""
"Phase7.2.S33","S33",7,"Phase7.2","Phase7.2.S33",6198,2025,1,"6198_2025_1","C3","None","38C",0,"12:30 pm",12.5,"M",NA,1.73,"Tamana","Long chamber","L15",79.71,83,2.5,"B","AB",0.959041899,""
"Phase7.2.S34","S34",7,"Phase7.2","Phase7.2.S34",6272,2025,1,"6272_2025_1","C3","None","38C",0,"12:30 pm",12.5,"M",6.2,6.2,"Tamana","Long chamber","L15",85.58,95,3,"B","ST",1.851789737,""
"Phase7.2.S4","S4",7,"Phase7.2","Phase7.2.S4",6033,2025,1,"6033_2025_1","TH","LPS_1","38C",3,"11:45 am",11.75,"F",7.83,7.83,"Tamana","Round chamber","R1",81.21,71.5,3.5,"","NP",0.713349888,""
"Phase7.2.S5","S5",7,"Phase7.2","Phase7.2.S5",4716,2025,1,"4716_2025_1","C0","None","38C",0,"11:35 am",11.58,"F",14.1,14.1,"Tamana","Round chamber","R9",83.7,73.5,5,"","NP",-0.216026084,""
"Phase7.2.S6","S6",7,"Phase7.2","Phase7.2.S6",4716,2025,1,"4716_2025_1","TH","LPS_1","38C",3,"11:35 am",11.58,"F",14.1,14.1,"Tamana","Round chamber","R9",83.7,73.5,5,"","NP",-0.216026084,""
"Phase7.2.S7","S7",7,"Phase7.2","Phase7.2.S7",6317,2025,1,"6317_2025_1","C0","None","38C",0,"1:50 pm",13.83,"F",14.32,14.32,"Tamana","Round chamber","R11",79.55,70,3.5,"","NP",0.01670185,""
"Phase7.2.S8","S8",7,"Phase7.2","Phase7.2.S8",6317,2025,1,"6317_2025_1","TH","LPS_1","38C",3,"1:50 pm",13.83,"F",14.32,14.32,"Tamana","Round chamber","R11",79.55,70,3.5,"","NP",0.01670185,""
"Phase7.2.S9","S9",7,"Phase7.2","Phase7.2.S9",3990,2025,1,"3990_2025_1","C0","None","38C",0,"11:35 am",11.58,"F",14.64,14.64,"Tamana","Round chamber","R9",80.67,72.5,4,"","NP",0.632328441,""
